City,City Code,Country,Region,Continent,Development,Latitude,Longitude,City 2,Country 2,Population,Prices excl. rent (index),Prices incl. rent (index),Gross wages (index),Net wages (index),Working hours per year,Vacation per year,Gross domestic purchasing power,Net domestic purchasing power,Working time required to buy 1 hamburger,Working time required to buy 1 kg of bread,Working time required to buy 1 kg of rice,Total expenditure on goods and services (USD),Total expenditure on goods and services (index),Food prices (USD),Food prices (index),Prices of women's expensive clothing,Prices of women's medium clothing,Prices of women's cheap clothing,Prices of men's expensive clothing,Prices of men's medium clothing,Prices of men's cheap clothing,Furnished expensive 4-room apartment,Furnished medium 4-room apartment,Furnished cheap 4-room apartment,Unfurnished expensive 3-room apartment,Unfurnished medium 3-room apartment,Unfurnished cheap 3-room apartment,Normal local rent medium,Price of household appliances (USD),Price of household appliances (index),Bus or tram or underground,Taxi ,Medium-sized cars type,Medium-sized cars price,Medium-sized cars tax,Medium-sized cars service,Restaurant,Hotel,Price of a short break (USD),Price of a short break (index),Prices of services (USD),Prices of services (index),Gross hourly wages,Net hourly wages,Taxes and social security contributions,Primary school teachers gross income (USD),Primary school teachers gross income (index),Primary school teachers taxes and social security contribtions,Primary school teachers net income (USD),Primary school teachers weekly working hours,Primary school teachers paid working days vacation per year,Bus drivers gross income (USD),Bus drivers gross income (index),Bus drivers taxes and social security contribtions,Bus drivers net income (USD),Bus drivers weekly working hours,Bus drivers paid working days vacation per year,Automobile mechanics gross income (USD),Automobile mechanics gross income (index),Automobile mechanics taxes and social security contribtions,Automobile mechanics net income (USD),Automobile mechanics weekly working hours,Automobile mechanics paid working days vacation per year,Building labourers gross income (USD),Building labourers gross income (index),Building labourers taxes and social security contribtions,Building labourers net income (USD),Building labourers weekly working hours,Building labourers paid working days vacation per year,Skilled industrial workers gross income (USD),Skilled industrial workers gross income (index),Skilled industrial workers taxes and social security contribtions,Skilled industrial workers net income (USD),Skilled industrial workers weekly working hours,Skilled industrial workers paid working days vacation per year,Cooks gross income (USD),Cooks gross income (index),Cooks taxes and social security contribtions,Cooks net income (USD),Cooks weekly working hours,Cooks paid working days vacation per year,Department managers gross income (USD),Department managers gross income (index),Department managers taxes and social security contribtions,Department managers net income (USD),Department managers weekly working hours,Department managers paid working days vacation per year,Engineers gross income (USD),Engineers gross income (index),Engineers taxes and social security contribtions,Engineers net income (USD),Engineers weekly working hours,Engineers paid working days vacation per year,Bank credit clerks gross income (USD),Bank credit clerks gross income (index),Bank credit clerks taxes and social security contribtions,Bank credit clerks net income (USD),Bank credit clerks weekly working hours,Bank credit clerks paid working days vacation per year,Secretaries gross income (USD),Secretaries gross income (index),Secretaries taxes and social security contribtions,Secretaries net income (USD),Secretaries weekly working hours,Secretaries paid working days vacation per year,Saleswomen gross income (USD),Saleswomen gross income (index),Saleswomen taxes and social security contribtions,Saleswomen net income (USD),Saleswomen weekly working hours,Saleswomen paid working days vacation per year,Female industrial workers gross income (USD),Female industrial workers gross income (index),Female industrial workers taxes and social security contribtions,Female industrial workers net income (USD),Female industrial workers weekly working hours,Female industrial workers paid working days vacation per year,National currency,Exchange rate CHF/NC ,Exchange rate USD/NC ,Currency
Abu Dhabi,AUH,United Arab Emirates,Asia,Middle East,Developing,"24,467","54,367",Abu Dhabi,United Arab Emirates,243000,72.5,83.6,33.7,45.9,2192.0,29.0,46.5,63.2,37,15,19,1194,72.5,393,80.9,1060,730,510,1720,1020,600,5710,3380,1670,2320,1200,730,790,1330,69.0,Jan-37,01-Apr,Toyota Carola 1.8 GL,13400,27,41,25,230,400,66.1,250,66.3,06-Jul,06-Jul,0.0,21400,35.3,0,21400,35,75,12500,24-Jun,0,12500,35,38,10000,29-Jul,0,10000,48,26,3200,11-Apr,0,3200,48,26,12200,26-May,0,12200,48,26,28900,80.0,0,28900,48,26,68500,68.9,0,68500,48,26,43400,66.9,0,43400,48,26,35700,51.7,0,35700,48,26,17900,45.8,0,17900,45,26,15400,54.0,0,15400,48,26,NaN,NaN,NaN,NaN,NaN,NaN,1 AED,0.45577,0.27432,AED
Amsterdam,AMS,Netherlands,Europe,Western Europe,Industrialized,"52,383",04-Sep,Amsterdam,Netherlands,998000,74.2,76.5,63.7,59.0,1686.0,31.0,86.0,79.5,16,10,10,1221,74.2,332,68.4,670,410,280,1070,710,480,2990,1710,1070,1760,1130,720,390,1480,76.9,Jan-37,Oct-67,Opel Astra 1.6,14700,353,128,28,290,490,81.3,280,74.7,08-Jul,12-Jul,31.2,26300,43.3,33,17600,34,55,23800,46.9,31,16400,36,24,18200,53.9,31,12500,40,31,21400,75.7,32,14500,38,35,26800,58.0,33,17900,36,25,24800,68.5,34,16300,39,25,65200,65.6,43,37100,40,26,41000,63.3,38,25400,35,25,25100,36.3,32,17100,36,26,20900,53.5,32,14200,40,26,15200,53.1,27,11100,38,25,17100,68.8,30,12000,38,38,1 NLG,0.70908,0.42677,NLG
Athens,ATH,Greece,Europe,Western Europe,Industrialized,"37,967","23,717",Athens,Greece,3468000,63.4,62.7,31-Jul,33.6,1780.0,23-Jul,50.0,53.0,20,10,22,1043,63.4,246,50.7,480,330,250,850,630,470,1150,950,610,670,530,360,320,1920,99.4,0.63,Mar-63,Nissan Primera 1.6,12900,126,56,27,220,390,64.0,250,66.0,04-Sep,06-Mar,21-Mar,13800,22-Aug,21,10900,35,61,16500,32.6,25,12400,38,23,10000,29-Jun,21,7900,40,21,10600,37.5,22,8300,38,21,13000,28-Mar,20,10400,40,23,14600,40.3,26,10800,38,22,34800,35.1,32,23700,40,25,21800,33.6,29,15500,40,23,14900,21-Jun,24,11300,39,23,11200,28-May,22,8700,40,21,7500,26-Feb,19,6100,40,22,8800,35.2,20,7000,40,21,1 GRD,0.00464,0.0028,GRD
Auckland,AKL,New Zealand,Oceania,Oceania,Industrialized,-36.85,174.75,Auckland,New Zealand,821000,69.4,71.3,42.2,45.5,1873.0,20.0,60.8,65.6,15,9,7,1142,69.4,288,59.3,1310,680,330,2130,1010,600,2140,1370,940,1250,770,550,560,1790,92.9,01-Feb,Apr-34,Toyota Corolla 1.8 GL,14800,98,47,22,130,280,46.8,230,61.7,06-Jul,08-Apr,20-Mar,20300,33.4,20,16200,39,65,13800,27-Jan,20,11000,39,20,15200,45.0,20,12100,41,18,15200,53.7,20,12100,44,18,22600,49.0,22,17600,41,18,17800,49.3,20,14300,39,18,34200,34.5,26,25300,40,18,26600,41.0,24,20200,40,18,17100,24-Aug,20,13700,38,20,15200,38.9,20,12200,39,18,12400,43.4,20,9900,38,18,10800,43.5,20,8700,40,18,1 NZD,0.78969,0.47529,NZD
Bangkok,BKK,Thailand,Asia,East Asia,Developing,13.75,100.5,Bangkok,Thailand,5791000,55.0,55.0,10-Jun,13-Mar,2092.0,12.0,19-Mar,24-Feb,43,23,14,906,55.0,288,59.4,330,190,80,670,380,240,2690,1520,890,1080,720,450,100,1570,81.6,0.52,Jan-17,Toyota Soluna 1.5,10300,65,NaN,21,150,280,46.2,170,44.5,2.0,02-Jan,6.0,5200,08-Jun,7,4900,30,80,3800,07-May,4,3600,48,10,4500,13-Feb,6,4200,48,10,1700,6.0,4,1600,48,0,7100,15-Apr,9,6500,43,10,7400,20-Apr,10,6600,48,10,15700,15-Aug,13,13700,43,10,11100,17-Feb,11,9900,43,10,9000,13.0,10,8100,40,10,5700,14-May,8,5200,40,10,2200,07-Aug,4,2100,45,10,1600,06-Mar,4,1500,43,10,1 THB,0.04309,0.02594,THB
Barcelona,BCN,Spain,Europe,Western Europe,Industrialized,"41,383",Feb-15,Barcelona,Spain,4163000,57.0,58.6,37.6,42.4,1729.0,31.0,65.9,74.4,20,9,9,939,57.0,233,48.0,640,300,180,1110,690,350,1300,990,660,920,610,490,440,1690,87.7,0.81,Mar-96,Seat Toledo TDI,13600,66,102,20,270,400,66.3,200,54.0,06-Feb,07-May,16-Jan,19100,31.4,20,15300,38,50,14600,28-Aug,18,12000,40,30,13100,38.8,17,10900,40,30,11000,38.8,15,9300,40,30,13000,28-Feb,17,10800,40,30,19200,53.2,20,15400,40,30,25000,25-Feb,22,19500,40,30,28900,44.5,23,22200,40,30,19200,27-Aug,20,15400,38,30,14600,37.2,18,11900,40,30,10000,35.0,14,8600,40,30,8900,35.9,12,7900,40,30,1 ESP,0.00939,0.00565,ESP
Berlin,BER,Germany,Europe,Western Europe,Industrialized,52.5,"13,417",Berlin,Germany,3022000,70.4,71.6,70.3,58.8,1666.0,31.2,99.7,83.5,17,10,11,1160,70.4,287,59.1,550,320,150,830,490,270,1780,1370,1030,910,710,440,540,1680,87.2,Jan-88,Sep-38,VW Golf IV,16600,91,96,25,230,450,74.4,270,70.4,08-Jun,14.0,37.7,31900,52.4,40,19100,38,59,23500,46.3,36,15000,43,29,21700,64.3,38,13400,37,29,20600,72.9,37,13000,39,29,26300,57.1,38,16300,35,30,28900,80.0,42,16800,39,26,56400,56.8,51,27600,40,28,43900,67.7,45,24100,40,27,37200,53.9,43,21200,39,30,25400,64.9,40,15200,39,29,19900,69.6,37,12500,38,31,16600,66.7,33,11100,36,30,1 DEM,0.79893,0.48085,DEM
Bogota,BOG,Colombia,Americas,South America,Developing,"-4,533",-74.25,Bogota,Colombia,5710000,54.1,54.8,12-Jun,15-Jul,2182.0,16-Sep,23-Mar,29-Jan,57,29,15,890,54.1,214,44.1,450,280,150,540,370,220,1850,1190,750,910,570,350,290,1660,86.1,0.39,Jan-77,Mazda 626 2.0,21500,312,50,17,180,300,50.0,190,50.6,02-Mar,02-May,06-Jul,3800,06-Feb,6,3600,45,53,4800,09-May,6,4500,54,15,5400,16.0,6,5100,46,15,2400,08-Mar,6,2200,48,15,5300,11-Jun,6,5000,48,15,14700,40.7,13,12800,48,15,23000,23-Feb,16,19300,46,15,15800,24-Mar,14,13600,45,15,12800,18-May,11,11400,44,15,8600,21-Sep,7,8000,44,15,3200,11-Jan,6,3000,49,15,3100,12-Apr,6,2900,48,15,1 COP,8.1E-4,4.9E-4,COP
Brussels,BRU,Belgium,Europe,Western Europe,Industrialized,"50,833","4,333",Brussels,Belgium,982000,69.5,71.8,70.5,53.5,1712.0,25-Jan,101.4,77.0,21,13,17,1145,69.5,295,60.7,960,580,320,1230,790,430,1460,1050,700,700,580,470,700,1710,88.6,Jan-17,May-83,VW Golf Diesel 1.9,16300,399,117,21,290,430,70.8,270,70.5,07-Sep,14-Jan,43.2,24000,39.4,41,14100,34,88,22700,44.7,40,13600,38,21,18500,54.8,42,10700,38,20,21600,76.5,43,12300,38,22,30700,66.6,44,17200,38,22,38200,105.8,52,18400,38,21,72300,72.8,57,31100,38,25,52400,80.8,53,24600,38,22,37100,53.6,47,19600,37,25,25600,65.5,44,14300,37,22,18600,65.0,42,10800,38,22,17400,69.9,41,10300,38,22,1 BEF,0.03873,0.02331,BEF
Budapest,BUD,Hungary,Europe,Eastern Europe,Transition,47.5,"19,083",Budapest,Hungary,2301000,45.6,53.7,06-May,06-Mar,1988.0,23-Aug,14-Mar,13-Sep,82,25,42,750,45.6,153,31.4,390,210,110,760,390,210,2630,1810,910,1810,800,580,330,1300,67.5,0.36,Apr-19,Opel Astra 1.8 Club,14700,15,80,14,250,400,66.0,140,38.0,0.9,01-Mar,26-Sep,2400,03-Sep,25,1800,42,51,3100,6.0,30,2100,43,33,2800,08-Apr,30,2000,41,20,2000,07-Feb,25,1500,44,21,3100,06-Jul,30,2200,41,26,2000,05-Jul,25,1500,43,27,7200,07-Feb,44,4000,41,27,5100,07-Sep,40,3100,41,25,4700,06-Sep,39,2900,41,24,3100,8.0,32,2100,41,20,1800,06-Feb,19,1400,43,20,2100,08-Apr,25,1600,41,22,1 HUF,0.00602,0.00363,HUF
Buenos Aires,BUE,Argentina,Americas,South America,Developing,"-34,583","-58,367",Buenos Aires,Argentina,11518000,76.6,78.6,32.1,35.9,2005.0,19.0,41.9,46.8,29,23,22,1261,76.6,286,58.9,610,310,200,1220,660,440,2470,1710,1160,1180,860,700,510,2270,117.9,0.69,Jun-38,Aires Peugeot 306 1.8,19900,836,101,29,280,470,77.7,380,101.5,05-Mar,06-Apr,17-May,8000,13-Jan,17,6600,27,34,11200,22.0,18,9100,45,26,11300,33.6,18,9300,47,21,5500,19-May,17,4600,41,16,10800,23-Apr,17,9000,43,14,23200,64.2,18,19000,49,26,33600,33.8,18,27500,43,26,35100,54.1,18,28800,43,23,30500,44.2,18,25000,40,28,24800,63.3,18,20300,40,19,11100,38.8,18,9100,43,16,7600,30-Jul,17,6300,43,16,1 ARS,"16,742","100,766",ARS
Cairo,CAI,Egypt,Asia,Middle East,Developing,"30,033",31.35,Cairo,Egypt,9851000,63.5,71.3,NaN,NaN,NaN,NaN,NaN,NaN,NaN,NaN,NaN,1045,63.5,322,66.2,530,280,180,1120,580,390,2480,1990,1190,1790,1190,870,600,1700,88.0,0.53,Apr-38,Daewoo Ianos,12300,58,88,29,210,360,59.7,230,62.0,NaN,NaN,NaN,2500,4.0,NaN,NaN,NaN,NaN,3500,06-Sep,NaN,NaN,NaN,NaN,2500,07-Mar,NaN,NaN,NaN,NaN,1800,06-Feb,NaN,NaN,NaN,NaN,3000,06-May,NaN,NaN,NaN,NaN,5300,14-May,NaN,NaN,NaN,NaN,4200,04-Feb,NaN,NaN,NaN,NaN,4900,07-Jun,NaN,NaN,NaN,NaN,3900,05-Jun,NaN,NaN,NaN,NaN,3500,08-Sep,NaN,NaN,NaN,NaN,2500,08-Jun,NaN,NaN,NaN,NaN,1800,7.0,NaN,NaN,NaN,NaN,1 EGP,0.48503,0.29192,EGP
Caracas,CCS,Venezuela,Americas,South America,Developing,"10,467","-67,033",Caracas,Venezuela,3188000,96.4,103.5,14-Jul,19.0,1956.0,15-Jun,15-Feb,19-Jul,93,62,19,1588,96.4,436,89.8,510,170,100,1070,330,250,4950,2880,840,3070,1810,1170,660,3000,155.8,0.59,Aug-83,Toyota Corolla,38200,NaN,287,28,300,570,94.7,370,97.1,02-Aug,02-Sep,04-Feb,7100,11-Jul,46,800,30,15,5900,11-Jun,45,700,48,15,6300,18-Jul,4,6100,40,15,3800,13-Mar,4,3600,40,15,5400,11-Aug,45,200,40,15,8900,24-May,6,8300,48,15,11600,11-Jul,8,10600,40,30,13000,20-Jan,9,11800,40,30,10600,15-Mar,79,800,40,30,6800,17-Apr,4,6500,40,15,4700,16-May,4,4500,48,15,3800,15-Jan,4,3600,40,15,1 VEB,0.00247,0.00148,VEB
Chicago,CHI,United States,Americas,North Am.,Industrialized,"41,874","-87,639",Chicago,United States,6526000,100.0,108.0,90.3,92.9,1948.0,10-May,90.3,92.9,13,9,8,1647,100.0,454,93.4,930,590,280,1760,1100,750,3150,2200,1500,2500,1800,1300,1000,1620,83.9,01-May,07-May,Nissan Maxima 2.0,26200,65,120,48,270,550,90.5,380,99.3,13-Jul,18.0,23-Jul,46200,76.0,25,34600,30,26,40700,80.2,23,31400,40,16,39300,116.4,27,28700,40,10,37300,131.9,26,27600,40,6,42500,92.2,24,32300,40,10,36400,100.6,26,26900,40,10,66000,66.4,28,47500,40,11,56000,86.3,27,40900,40,11,35200,51.0,22,27500,38,14,32400,82.8,24,24600,39,11,28000,98.0,22,21800,40,9,21800,87.4,19,17600,40,10,1 USD,"166,148",1.0,USD
Copenhagen,CPH,Denmark,Europe,Western Europe,Industrialized,"55,667","12,583",Copenhagen,Denmark,1366000,92.7,92.9,92.4,69.4,1687.0,25-Mar,99.7,74.9,19,12,11,1525,92.7,410,84.4,800,430,240,1020,700,480,1510,1100,880,1240,770,540,540,1950,101.2,02-Feb,Jul-95,Ford Mondeo 2.0,26700,330,257,36,260,490,81.1,410,109.0,10-Feb,18-Apr,44.5,33600,55.3,45,18500,37,26,28600,56.4,44,16000,37,28,32400,96.1,45,17800,37,25,30300,107.2,44,17000,37,25,34900,75.6,46,18800,37,25,38200,105.6,46,20600,37,26,53100,53.5,50,26500,37,25,50600,78.0,50,25300,39,26,34500,50.0,46,18600,37,28,33200,84.9,45,18300,37,25,25700,89.8,43,14600,37,25,26200,105.2,43,14900,37,25,1 DKK,0.20955,0.12612,DKK
Dublin,DUB,Ireland,Europe,Western Europe,Industrialized,"53,333",-6.25,Dublin,Ireland,921000,72.6,74.7,58.1,60.6,1798.0,24-Aug,80.0,83.5,16,8,18,1195,72.6,314,64.7,490,320,190,770,530,330,1490,1220,1050,1020,870,780,630,1510,78.4,01-May,Jul-17,Ford Mondeo 1.8 i,22400,365,96,37,250,460,76.5,280,75.2,08-Sep,11-Jun,23-Feb,28400,46.7,21,22400,35,84,21700,42.7,20,17300,39,20,19600,58.1,24,14900,39,21,17800,63.1,23,13700,39,20,23400,50.8,20,18800,39,23,22900,63.4,27,16700,40,25,44900,45.2,31,31000,39,28,37400,57.6,28,26900,39,28,26400,38.3,21,20900,39,25,21100,53.9,26,15600,39,21,18600,64.9,24,14100,39,21,13900,55.7,22,10800,39,20,1 IEP,"198,443","119,438",IEP
Frankfurt,FRA,Germany,Europe,Western Europe,Industrialized,"50,117","8,683",Frankfurt am Main,Germany,598000,76.2,78.4,72.0,61.7,1688.0,31.0,94.5,80.9,16,9,18,1255,76.2,330,67.9,510,300,190,820,560,320,1740,1430,1230,1060,820,760,660,1670,86.9,02-Apr,Sep-14,VW Golf,16300,127,144,31,240,480,79.4,300,78.7,09-Jan,14-Apr,36.2,36600,60.2,41,21600,39,57,22800,44.9,33,15300,38,27,22500,66.6,37,14200,38,27,20900,73.9,36,13400,39,27,25900,56.2,35,16900,35,30,27900,77.1,40,16700,40,30,58500,58.9,48,30400,40,30,51700,79.8,47,27400,39,30,44300,64.1,45,24400,39,30,26600,68.0,39,16200,39,32,19800,69.5,34,13100,38,32,18500,74.3,32,12600,36,30,1 DEM,0.79893,0.48085,DEM
Geneva,GVA,Switzerland,Europe,Western Europe,Industrialized,46.2,"6,167",Geneva,Switzerland,460000,94.4,92.9,97.1,90.2,1842.0,24-Apr,102.8,95.5,16,9,11,1554,94.4,456,94.0,590,310,200,910,660,330,1960,1290,960,1020,780,600,660,2050,106.3,Jan-32,Nov-92,Opel Astra 1.8i,16600,169,114,31,300,550,91.3,370,97.9,13-Mar,19-Apr,31.6,59400,97.7,32,40600,39,54,40900,80.6,31,28400,40,25,34700,102.8,32,23600,40,20,28900,102.2,32,19700,41,25,44500,96.6,31,30900,40,25,35500,98.3,32,24100,42,25,71000,71.5,32,48100,40,25,50100,77.3,31,34600,40,20,61100,88.4,32,41700,40,23,38700,98.9,32,26300,40,23,25400,88.9,32,17400,40,20,25900,104.0,32,17700,40,23,1 CHF,1.0,0.60187,CHF
Helsinki,HEL,Finland,Europe,Western Europe,Industrialized,"60,167","24,967",Helsinki,Finland,938000,83.4,82.1,54.6,51.6,1723.0,27-Jun,65.5,61.8,25,28,26,1373,83.4,348,71.7,700,410,250,1040,650,390,1240,1060,850,850,660,580,570,1900,98.5,Jan-42,Aug-33,Opel Astra 1.6 XEL,20300,79,136,28,210,420,68.7,360,94.2,07-Jun,10-Sep,29-Jul,24300,40.0,33,16300,36,45,19800,39.1,31,13700,39,27,16200,48.0,28,11700,39,27,17400,61.4,29,12300,40,27,24500,53.0,33,16400,38,27,20200,55.8,32,13700,38,27,48100,48.5,43,27400,38,27,36600,56.4,40,21900,38,27,21000,30-Apr,32,14300,38,27,18400,46.9,31,12700,37,27,14800,51.9,27,10800,37,27,15200,61.0,27,11100,39,27,1 FIM,0.26285,0.1582,FIM
Hong Kong,HKG,Hong Kong,Asia,East Asia,Industrialized,"22,283",114.15,Hong Kong,Hong Kong,5656000,88.6,110.5,46.0,57.5,2181.0,13-Aug,51.9,64.9,9,15,7,1458,88.6,390,80.3,640,340,170,1070,530,270,8410,5820,3100,3230,2330,1030,1140,1860,96.3,Jan-49,Apr-62,Honda Accord 2.0,29700,776,220,45,270,540,89.6,290,76.5,08-May,09-Feb,06-Sep,29400,48.4,12,25900,43,60,19800,39.1,7,18500,51,12,20500,60.9,7,19100,49,9,18800,66.4,7,17500,49,6,23300,50.6,10,21000,44,12,21600,59.8,9,19700,44,15,50600,51.0,15,43000,43,16,43800,67.6,14,37700,43,13,19800,28-Jun,718,400,44,15,19700,50.3,718,300,44,13,14900,52.2,6,14000,49,15,13700,55.2,213,500,47,9,1 HKD,0.21484,0.12931,HKD
Houston,HOU,United States,Americas,North Am.,Industrialized,"29,757",-95.36,Houston,United States,2298000,86.7,88.1,85.5,88.9,1905.0,12-Jan,98.7,102.5,13,15,8,1427,86.7,382,78.6,840,440,270,1280,900,580,1800,1340,1250,950,900,850,650,1600,83.0,Jan-25,Jun-75,Ford Focus LX,13800,63,90,37,220,470,78.6,340,89.6,13-Jan,17-Jan,22-Sep,39900,65.6,25,29900,38,52,31200,61.5,23,24000,40,10,37700,111.9,24,28700,45,10,29000,102.7,22,22700,40,10,42500,92.2,27,31100,40,10,38000,105.2,24,28900,35,10,59500,59.9,30,41600,40,15,52900,81.6,29,37600,40,10,33800,49.0,23,26000,38,10,33100,84.4,23,25500,38,10,22500,78.8,20,18000,37,10,25200,101.2,21,19900,40,10,1 USD,"166,148",1.0,USD
Istanbul,IST,Turkey,Europe,Western Europe,Developing,"41,017","28,967",Istanbul,Turkey,6461000,63.9,68.4,18-Apr,18-Aug,2074.0,15-Mar,28-Aug,29-May,52,13,31,1053,63.9,268,55.1,370,260,170,540,400,370,3510,2500,1600,1310,1070,740,540,1930,100.0,0.49,Apr-92,Fiat Marea 2.0,15700,302,25,26,330,500,83.4,220,58.0,02-Aug,03-Jul,22-May,5500,9.0,21,4300,40,30,9200,18-Feb,23,7100,48,40,4000,12.0,20,3200,40,13,3100,11-Jan,20,2500,40,13,13500,29-Mar,26,10000,40,13,19100,52.8,30,13400,48,21,34100,34.4,37,21500,40,13,23900,36.9,32,16200,40,13,16100,23-Apr,27,11800,40,13,6700,17.0,22,5200,40,13,4800,16-Aug,21,3800,48,13,6300,25-Apr,22,4900,42,13,100 TRL,2.7E-4,1.6E-4,TRL
Jakarta,JKT,Indonesia,Asia,East Asia,Developing,"-6,267",106.8,Jakarta,Indonesia,9588000,52.2,71.3,04-Jan,04-Sep,2065.0,11.0,07-Sep,09-Apr,146,85,28,859,52.2,236,48.5,400,180,100,550,280,160,5630,4800,2180,2270,2010,1200,780,1320,68.7,0.3,01-Feb,Mitsubishi Lancer XEi,24000,72,60,17,110,240,40.1,160,42.3,0.7,0.8,10-Sep,900,01-Apr,2,800,28,40,1000,01-Sep,2,900,56,10,1600,04-Jul,12,1400,44,10,600,02-Jan,10,500,43,0,2200,04-Aug,12,2000,40,10,4500,12-Mar,17,3700,48,10,12000,12-Jan,28,8600,40,13,3800,05-Sep,16,3200,40,13,2700,03-Sep,12,2400,40,13,2900,07-May,12,2600,42,13,1100,4.0,12,1000,43,13,500,2.0,10,400,45,10,1 IDR,2.0E-4,1.2E-4,IDR
Johannesburg,JNB,South Africa,Africa,Southern Africa,Developing,"-26,183",28-May,Johannesburg,South Africa,1609000,50.9,53.7,28-Feb,28-Apr,1929.0,18-Sep,55.3,55.8,19,11,9,838,50.9,208,42.9,300,190,110,720,390,220,1300,970,730,750,570,380,510,1480,76.9,0.77,Apr-35,Toyota Carola 1.6,15200,15,53,18,250,390,63.7,220,57.6,04-Feb,05-Jun,19-Sep,14000,23-Jan,26,10400,30,48,8500,16-Jul,19,6900,44,15,13200,39.2,29,9400,43,15,4200,15.0,3,4100,41,18,20400,44.2,35,13300,41,20,13200,36.6,29,9400,49,15,33300,33.5,41,19600,43,20,30300,46.7,39,18500,43,25,9700,14-Jan,20,7800,40,25,11900,30-Apr,27,8700,40,16,7700,26-Aug,18,6300,43,16,5000,20-Mar,6,4700,43,18,1 ZAR,0.24275,0.14611,ZAR
Kuala Lumpur,KUL,Malaysia,Asia,East Asia,Developing,"3,167",101.7,Kula Lumpur,Malaysia,1475000,59.6,61.2,22-Mar,22-Jun,2217.0,18-Mar,37.4,37.8,22,20,25,982,59.6,254,52.3,590,250,120,550,330,160,2050,1090,930,1260,660,250,420,1710,89.0,0.37,Jan-64,Proton Perdana,23900,239,80,24,180,340,56.6,270,70.6,03-Mar,04-Apr,19-Apr,4900,8.0,14,4200,85,81,8700,17-Feb,21,6900,56,24,8700,25-Sep,22,6800,44,14,4700,16-Jun,15,4000,50,10,18200,39.4,30,12700,48,21,14300,39.6,28,10300,63,0,31800,32.0,38,19700,40,21,32600,50.3,38,20200,40,21,10100,14-Jun,23,7700,44,17,9100,23-Feb,23,7000,40,21,3000,10-Jun,13,2600,48,NaN,2900,11-Aug,13,2500,50,10,1 MYR,0.44053,0.26515,MYR
Lisbon,LIS,Portugal,Europe,Western Europe,Industrialized,"38,733",-9.15,Lisbon,Portugal,2396000,56.3,56.3,27.0,29.2,1738.0,22.0,47.9,51.8,32,15,13,927,56.3,250,51.5,440,250,150,710,440,320,1640,1170,940,700,560,470,230,1720,89.3,0.47,Mar-19,Ford Mondeo 2.0,26100,37,31,15,210,340,55.9,180,47.3,04-Mar,05-Apr,19.0,16300,26-Jul,23,12500,40,22,9100,17-Sep,16,7700,40,22,8600,25-May,20,6900,40,22,6300,22-Mar,17,5200,40,22,10600,23.0,17,8800,40,22,12000,33.1,23,9300,40,22,24500,24-Jun,28,17600,40,22,30300,46.7,30,21200,35,22,28300,41.0,29,20100,35,22,9300,23-Sep,22,7300,35,22,6800,23-Jul,17,5600,35,22,6300,25-Feb,17,5200,40,22,1 PTE,0.0078,0.00469,PTE
London,LON,United Kingdom,Europe,Western Europe,Industrialized,"51,533",-0.083,London,United Kingdom,9170000,94.8,110.2,64.1,66.8,1833.0,22-Feb,67.6,70.4,18,6,8,1561,94.8,303,62.4,660,350,190,1070,660,390,4590,3680,2140,3680,2450,1230,1300,1710,88.6,Feb-22,11-Jan,Vauxhall Astra 1.8,20700,214,245,44,450,770,127.6,400,104.9,09-Aug,12-Aug,22-Aug,35800,58.9,26,26500,43,66,21900,43.1,23,16900,44,25,25300,75.1,24,19200,45,20,17300,61.1,21,13600,40,20,28900,62.6,24,21900,38,20,27400,75.8,25,20500,46,20,47000,47.3,28,33800,36,20,37400,57.6,26,27600,35,21,36600,52.9,26,27100,36,20,27600,70.6,25,20700,36,20,17700,61.8,21,14000,44,23,15600,62.6,20,12500,40,15,1 GBP,"254,428","153,134",GBP
Los Angeles,LAX,United States,Americas,North Am.,Industrialized,"34,054","-118,241",Los Angeles,United States,8863000,89.1,98.9,88.1,87.6,1939.0,12-Mar,98.9,98.3,11,18,8,1467,89.1,457,94.1,590,450,320,1160,620,520,2550,2200,1800,2000,1800,1350,1000,1510,78.5,Jan-35,14-Jun,Nissan Sentra 1.8,15200,330,115,40,270,490,80.7,320,85.9,12-Sep,17-Jun,26-Sep,43100,70.9,24,32700,38,15,36300,71.5,24,27600,40,10,39400,116.9,29,28000,40,10,32600,115.1,28,23400,40,15,43400,94.1,24,33000,40,10,40100,110.9,29,28400,40,20,67500,68.0,26,49900,40,15,63400,97.8,26,46900,40,15,35100,50.8,24,26700,40,15,33200,84.8,28,23900,40,15,26000,90.9,27,19000,40,10,23100,92.7,27,16800,40,10,1 USD,"166,148",1.0,USD
Luxembourg,LUX,Luxembourg,Europe,Western Europe,Industrialized,49.6,"6,117",Luxembourg,Luxembourg,76000,71.3,75.6,72.0,76.9,1790.0,29-Jun,100.9,107.8,15,11,14,1174,71.3,291,59.9,550,380,190,940,610,400,1890,1530,1180,1390,1000,790,750,1440,74.5,0.93,Dec-24,VW Golf 2.0,15100,69,47,26,270,470,78.0,280,73.8,11-Mar,14-Apr,20-Aug,44800,73.7,19,36300,40,99,34200,67.3,15,29000,40,25,19300,57.3,21,15300,40,25,16000,56.5,18,13100,40,27,29000,62.8,14,24900,40,27,28700,79.3,29,20300,40,25,72200,72.7,26,53400,40,27,46300,71.4,20,37100,40,25,45900,66.5,20,36700,40,34,35000,89.3,32,23800,40,25,17800,62.2,19,14400,40,26,19400,78.0,21,15300,40,25,1 LUF,0.03874,0.02332,LUF
Madrid,MAD,Spain,Europe,Western Europe,Industrialized,"40,433",-3.7,Madrid,Spain,4451000,55.5,73.5,37.1,41.5,1718.0,31-Mar,66.9,74.8,21,9,9,914,55.5,238,49.1,580,280,200,890,550,390,1700,1200,820,1130,730,510,540,1580,81.9,0.76,Mar-67,VW Golf TDI,18400,85,141,21,320,440,73.4,220,59.2,06-Jan,07-Apr,16-Jul,18400,30-Mar,22,14400,39,60,16700,32.9,20,13400,39,30,13500,40.0,19,10900,39,28,10300,36.3,15,8700,40,30,12700,27-May,16,10700,40,30,18200,50.4,21,14400,40,30,26900,27-Jan,26,19900,40,30,28500,43.9,27,20800,40,30,17100,24-Aug,21,13500,40,30,14200,36.3,19,11500,40,30,9400,32.9,13,8200,40,30,9000,36.3,13,7900,40,30,1 ESP,0.00939,0.00565,ESP
Manama (Bahrain),BAH,Bahrain,Asia,Middle East,Developing,"26,217","50,583",Manama,Bahrain,151000,70.6,77.6,26-Aug,34.1,2030.0,24-Jan,38.0,48.3,27,29,26,1162,70.6,388,79.9,560,360,250,840,660,480,3210,2090,1310,1640,1280,870,700,1720,89.1,0.13,Mar-61,Toyota Corolla 1.8,14700,53,80,30,210,380,62.2,250,66.1,5.0,05-Apr,05-Jun,14100,23-Feb,7,13100,40,58,9500,18-Jun,4,9100,43,23,6100,18-Feb,4,5900,46,19,3000,10-Jul,4,2900,54,19,17800,38.7,7,16600,40,25,28100,77.7,7,26100,48,23,54800,55.2,8,50400,40,28,32700,50.5,8,30100,44,24,16400,23-Aug,7,15300,39,25,13800,35.4,7,12900,40,20,7100,24-Aug,4,6800,46,23,3300,13-Apr,7,3100,40,25,1 BHD,"444,035","267,253",BHD
Manila,MNL,Philippines,Asia,East Asia,Developing,"14,583",120.95,Manila,Philippines,9880000,48.5,54.5,06-Mar,07-Apr,2164.0,19-Mar,13.0,15-Feb,75,52,46,799,48.5,216,44.6,280,130,60,570,280,120,3670,2710,2330,2870,1490,900,220,1560,80.8,0.3,Jan-44,Toyota Corolla GLi,14800,48,65,18,190,320,53.2,160,42.3,01-Jan,01-Mar,13-Mar,4500,07-Apr,14,3900,35,23,2500,04-Aug,10,2200,43,15,2300,06-Sep,14,2000,50,15,1800,06-May,13,1600,48,15,3200,7.0,11,2900,47,23,6200,17-Jan,19,5000,47,23,8700,08-Jul,20,6900,47,23,6300,09-Jun,17,5200,43,23,4100,6.0,13,3600,43,23,2500,06-Apr,14,2100,43,15,1800,06-Mar,13,1600,43,23,1900,07-Aug,13,1700,47,23,1 PHP,0.03976,0.02393,PHP
Mexico City,MEX,Mexico,Americas,North Am.,Developing,"19,433","-99,117",Mexico City,Mexico,20207000,62.2,62.8,10-Jun,13.0,2150.0,14-Feb,17.0,20-Aug,66,49,25,1024,62.2,268,55.1,560,380,200,1150,620,430,2610,1560,1250,1690,860,470,200,1680,87.4,0.16,Jan-67,Chrysler Neon,12700,344,107,24,260,410,68.7,250,66.0,01-Sep,02-Jan,8.0,4900,8.0,8,4500,33,46,4200,08-Feb,7,3900,44,11,4200,12-Jun,7,3900,48,13,1700,05-Sep,3,1600,44,11,4400,09-May,7,4100,44,13,6900,19.0,14,5900,44,13,9000,09-Jan,16,7600,44,13,12100,18-Jul,17,10100,44,13,7700,11-Jan,15,6500,44,15,7200,18-Apr,14,6200,44,13,4600,16-Jan,8,4200,44,13,2800,11-Apr,6,2700,48,11,1 MXN,0.1732,0.10425,MXN
Milan,MIL,Italy,Europe,Western Europe,Industrialized,45.45,"9,167",Milan,Italy,4738000,66.8,71.6,46.5,41.9,1732.0,22-Aug,69.5,62.7,21,22,22,1100,66.8,322,66.3,640,360,220,960,620,390,1820,1190,730,1260,810,610,590,1380,71.4,0.73,Aug-35,Fiat Marea 115,16800,201,48,29,230,410,68.4,240,63.2,06-Feb,09-Mar,33.4,18500,30-May,32,12600,24,32,22300,43.8,35,14500,36,20,15400,45.7,34,10200,44,20,12900,45.6,33,8600,40,20,16300,35.3,31,11200,40,20,21200,58.7,36,13600,40,30,25700,25-Aug,38,15900,40,20,33100,51.1,40,19900,40,25,26800,38.8,38,16600,39,25,14500,37.1,34,9600,36,20,13800,48.2,33,9200,40,30,13700,54.9,33,9200,36,20,1 ITL,8.0E-4,4.8E-4,ITL
Montreal,YMQ,Canada,Americas,North Am.,Industrialized,"45,509","-73,554",Montreal,Canada,2896000,74.4,71.4,75.4,65.9,1814.0,19.0,101.3,88.6,14,12,9,1224,74.4,295,60.7,670,390,190,920,630,420,1430,990,720,610,480,360,440,1940,100.7,Jan-36,Jul-49,Chevrolet Malibu,18600,204,48,26,180,380,62.8,290,75.6,09-Jul,15.0,34.9,35100,57.8,37,22100,37,60,32900,64.8,36,21000,35,21,31000,91.8,39,18900,40,15,25200,89.0,34,16600,40,15,31400,68.1,36,20100,40,15,34300,95.1,40,20600,40,21,47900,48.3,42,27800,38,21,48000,74.0,42,27800,37,21,32500,47.1,36,20800,37,21,26300,67.1,35,17100,38,15,18900,66.3,31,13100,39,21,20700,83.1,32,14100,40,15,1 CAD,"113,185",0.68123,CAD
Moscow,MOW,Russia,Europe,Eastern Europe,Transition,55.75,37.6,Moscow,Russia,10367000,59.1,65.7,05-Mar,05-Sep,1824.0,21-Apr,08-Sep,09-Sep,74,25,152,973,59.1,176,36.2,780,400,180,960,510,260,7880,3030,1820,3570,1510,1210,250,2400,124.8,0.14,Mar-21,Volga 3110,4500,81,102,52,320,500,83.4,230,62.1,0.9,01-Jan,13-Apr,400,0.7,13,400,30,48,2600,05-Jan,13,2200,40,20,3600,10-Jun,13,3100,40,20,900,3.0,13,700,40,20,500,01-Jan,13,400,40,20,3200,08-Sep,13,2800,40,20,2100,02-Feb,13,1900,40,20,1900,3.0,13,1700,40,20,28300,40.9,31,19500,40,20,1200,03-Jan,13,1100,40,20,1000,03-Jun,13,900,40,20,900,03-Apr,13,700,40,20,1 RUB,0.05923,0.03565,RUB
Mumbai (Bombay),BOM,India,Asia,South Asia,Developing,19.0,72.8,Bombay,India,11777000,37.4,37.9,04-Sep,05-Jul,2097.0,24-Feb,13.0,15-Feb,105,34,79,615,37.4,125,25-Jul,190,120,60,540,350,250,2850,910,680,910,460,310,230,1360,70.4,0.13,0.97,Honda City 1.5 EXi,19200,NaN,434,11,330,400,66.8,110,30-Apr,0.8,1.0,13.0,1700,02-Aug,12,1500,35,63,1700,03-Mar,12,1500,48,18,1500,04-May,13,1300,46,23,1100,03-Sep,9,1000,54,15,2400,05-Feb,14,2000,48,23,3100,08-May,16,2600,54,20,10200,10-Mar,25,7700,41,30,4700,07-Mar,19,3800,41,30,2400,03-May,14,2100,43,25,2500,06-Apr,15,2100,41,30,1900,06-May,14,1600,48,23,1500,05-Sep,12,1300,48,23,1 INR,0.03784,0.02277,INR
Nairobi,NBO,Kenya,Africa,Centra Africa,Developing,"-1,283","36,817",Nairobi,Kenya,1104000,54.3,53.9,03-Mar,03-Sep,2164.0,28.0,6.0,07-Jan,178,64,109,894,54.3,176,36.2,350,210,100,710,450,260,1800,1510,1120,530,350,200,130,2340,121.6,0.33,Jun-56,504 Saloon,17700,12,53,11,250,400,65.9,150,38.9,0.6,0.7,11-Jul,1200,2.0,11,1100,43,63,1100,02-Feb,11,1000,56,26,1500,04-Jun,13,1300,51,26,300,01-Jan,9,280,48,23,1500,03-Feb,12,1300,48,28,5200,14-Apr,18,4300,50,28,3500,03-May,15,3000,43,28,2900,04-Apr,14,2500,48,28,2700,03-Aug,14,2300,43,26,2400,06-Feb,14,2100,43,26,600,01-Sep,10,500,48,28,700,02-Aug,11,600,48,26,1 KES,0.02181,0.01313,KES
New York,NYC,United States,Americas,North Am.,Industrialized,"40,752","-73,994",New York,United States,14622000,103.8,118.6,100.2,97.2,1882.0,13-Mar,96.5,93.6,12,15,9,1709,103.8,460,94.6,1050,690,400,1880,1190,730,7250,4500,3050,4680,2200,1750,1350,1980,102.8,01-May,10.0,Ford Taurus,20600,45,75,49,430,680,112.1,430,114.7,14-Mar,20.0,28-Sep,54900,90.4,29,39000,31,28,35100,69.1,23,27000,40,19,44700,132.7,33,30000,40,14,35100,124.3,30,24600,40,0,46300,100.5,27,33800,40,14,46700,129.2,34,30800,40,14,85200,85.8,35,55400,40,19,63100,97.3,31,43600,40,17,39400,57.0,25,29500,38,19,37400,95.6,31,25800,39,18,29600,103.7,28,21300,40,14,25900,104.0,25,19400,40,12,1 USD,"166,148",1.0,USD
Nicosia,NIC,Cyprus,Asia,Middle East,Developing,"35,183","33,383",Nicosia,Cyprus,166000,57.0,56.4,40.0,45.3,1760.0,17-May,70.3,79.6,27,10,17,938,57.0,253,52.1,350,240,150,520,380,270,770,630,490,630,470,340,430,2070,107.4,0.9,Feb-86,Mazda 323,13000,293,41,17,290,400,66.7,200,52.2,06-Jul,8.0,15-Feb,26700,43.9,21,21100,33,50,13700,27-Jan,13,12000,40,18,13800,40.9,17,11400,39,15,12400,43.8,15,10500,38,15,15600,33.9,14,13400,38,15,17700,48.9,20,14100,38,20,33200,33.4,29,23600,38,15,33000,50.9,29,23400,38,26,19000,27-Jun,16,16000,38,21,14500,37.0,17,12000,38,15,8300,29.2,12,7300,40,16,8500,34.1,12,7500,38,15,1 CYP,Feb-72,"16,371",CYP
Oslo,OSL,Norway,Europe,Western Europe,Industrialized,"59,917",Oct-75,Oslo,Norway,720000,105.0,103.3,76.4,68.0,1730.0,21-Aug,72.8,64.7,21,14,15,1728,105.0,405,83.4,970,550,220,1270,860,340,1610,1260,980,1230,920,690,630,1710,88.8,Feb-29,Nov-59,Ford Mondeo 1.8,25200,230,172,33,210,500,82.2,440,116.2,10.0,15-Feb,34.5,29400,48.4,33,19700,39,37,25500,50.2,33,17100,38,21,24400,72.5,35,15900,38,21,26400,93.4,36,16900,38,21,32400,70.2,33,21700,38,21,24800,68.6,35,16100,36,21,56400,56.8,38,35000,39,21,40900,63.1,38,25400,37,21,33200,48.1,34,21900,37,21,25800,65.9,35,16800,38,21,23500,82.3,34,15500,37,21,22500,90.4,34,14800,38,21,1 NOK,0.19065,0.11475,NOK
Panama,PTY,Panama,Americas,Central Am. & Carib.,Developing,Aug-95,"-79,533",Panama City,Panama,625000,65.1,90.9,17-Mar,20-Feb,2121.0,27-Mar,26-Jul,31-Jan,41,32,15,1071,65.1,267,54.9,860,530,280,1600,860,400,4480,3000,1830,2800,1600,860,610,1680,87.4,0.81,Mar-82,Toyota Corolla 1.6,15600,37,31,41,200,400,66.9,250,66.5,3.0,03-May,12-Jan,6200,10-Jan,12,5400,40,61,9800,19-Mar,14,8400,48,25,6100,18-Feb,12,5400,46,25,4700,16-Apr,10,4200,46,25,5800,12-May,12,5100,46,25,18900,52.4,19,15300,48,25,24800,25.0,21,19600,46,25,20100,31-Jan,19,16300,46,25,26800,38.9,22,20900,44,25,9900,25-Apr,14,8500,46,25,4200,14-May,10,3700,48,25,4500,18.0,10,4000,46,25,1 PAB,"169,073","10,176",PAB
Paris,PAR,France,Europe,Western Europe,Industrialized,48.8,"2,333",Paris,France,8709000,81.6,85.4,57.0,57.8,1587.0,28-Mar,69.9,70.9,19,17,20,1343,81.6,354,73.0,760,430,290,1090,700,490,2150,1720,1220,1410,980,770,790,1580,81.8,Jan-15,Jul-89,Renault Laguna 1.8,18600,72,93,25,390,640,105.9,320,85.5,08-May,11-Apr,24-May,20100,33.0,24,15200,35,72,19800,39.1,24,15100,35,27,15300,45.5,24,11700,35,25,13000,45.9,21,10300,35,27,18200,39.4,23,14000,35,27,31200,86.4,33,20900,39,25,57300,57.7,34,37800,38,27,45800,70.6,31,31600,38,25,43300,62.7,30,30300,35,25,20400,52.1,28,14700,35,25,16200,56.6,26,12000,35,25,12800,51.5,21,10100,35,27,1 FRF,0.2383,0.14343,FRF
Rio de Janeiro,RIO,Brazil,Americas,South America,Developing,-22.95,-43.2,Rio de Janeiro,Brazil,11428000,62.0,72.4,17-Mar,20.0,1912.0,26-Jan,27-Sep,32.3,45,52,13,1021,62.0,252,51.9,330,240,160,580,400,280,3050,2360,1800,2000,1530,1220,750,1360,70.4,0.55,Jun-93,GM Vectra 2.2,19400,971,169,24,280,440,72.7,280,74.9,02-Sep,03-Apr,11-Aug,4100,06-Jul,9,3700,30,48,4300,08-Apr,9,3900,48,25,5800,17-Mar,11,5200,44,25,2700,09-Apr,8,2500,48,25,10300,22-Mar,16,8600,40,25,6000,16-Jun,12,5300,40,25,29500,29-Jul,29,21000,40,25,20700,31.9,24,15700,40,25,8600,12-May,14,7400,40,25,11600,29-Jul,20,9300,40,25,4100,14-Mar,9,3700,42,25,4400,17-Jul,9,4000,40,25,1 BRL,0.92165,0.55472,BRL
Santiago de Chile,SCL,Chile,Americas,South America,Developing,"-33,467",-70.75,Santiago,Chile,5275000,54.0,53.7,18-Jun,20-Apr,2244.0,17.0,34.5,37.7,62,19,25,889,54.0,219,45.0,380,260,160,720,450,350,1230,710,510,600,370,310,310,1380,71.5,0.5,Mar-67,Chevrolet Astra 1.8,11900,172,145,21,240,370,61.7,230,61.9,3.0,03-Jul,18-Aug,7800,12-Aug,18,6400,48,48,4700,09-Apr,16,4000,52,18,7800,23.0,18,6400,48,15,3600,12-Jun,18,2900,48,15,8700,18-Aug,18,7100,48,15,13100,36.4,21,10400,48,18,18600,18-Jul,21,14700,48,15,23000,35.5,24,17500,47,15,20800,30-Jan,22,16200,48,17,11500,29-Apr,20,9200,48,15,11100,38.8,20,8900,48,15,3900,15-May,18,3200,48,15,1 CLP,0.00318,0.00192,CLP
Sao Paulo,SAO,Brazil,Americas,South America,Developing,"-23,517","-46,517",Sao Paulo,Brazil,18052000,59.2,62.8,18-May,21-Feb,1949.0,26-Jul,31.2,35.8,36,27,11,975,59.2,241,49.7,340,190,110,430,310,180,2350,1650,960,1220,830,530,420,1420,73.7,0.64,Apr-85,GM Vectra 2.2,19700,732,175,26,260,440,73.0,240,63.4,03-Jan,03-Jul,12-Jun,4300,07-Jan,9,3900,30,40,5300,10-May,11,4800,44,26,5700,17.0,11,5100,44,26,2800,09-Jul,8,2500,44,26,11300,24-May,16,9500,44,26,7700,21-Apr,13,6700,44,26,36300,36.6,30,25400,41,26,21100,32.6,25,15900,42,26,10200,14-Aug,15,8700,35,26,12600,32.2,21,10000,42,26,5700,19-Sep,11,5000,44,26,4200,16-Sep,10,3800,44,26,1 BRL,0.92165,0.55472,BRL
Seoul,SEL,South Korea,Asia,East Asia,Industrialized,"37,567",127.0,Seoul,Korea South,16268000,97.3,106.3,43.7,44.2,2073.0,21-Sep,44.9,45.4,25,25,22,1601,97.3,594,122.4,900,560,250,1250,760,470,4710,3030,2350,2440,1580,1180,1000,2200,114.3,0.45,Mar-72,Hyundai Sonata 2.0,10900,525,90,37,290,520,85.5,320,84.1,06-May,08-Jul,25.0,25000,41.2,27,18300,54,18,21400,42.2,26,15800,46,28,18700,55.3,26,13800,50,23,13100,46.4,24,10000,45,20,25000,54.3,27,18300,50,19,21200,58.8,26,15700,46,25,44900,45.2,29,31800,46,24,29000,44.7,28,20900,51,23,26500,38.3,27,19300,50,19,20500,52.4,26,15200,45,18,14700,51.5,24,11200,45,26,11100,44.5,22,8600,47,21,1 KRW,0.0015,9.0E-4,KRW
Shanghai,SHA,China,Asia,East Asia,Developing,"31,167","121,467",Shanghai,China,6873000,86.3,89.8,08-May,08-Aug,1983.0,16.0,09-Aug,10-Feb,55,103,47,1421,86.3,372,76.6,580,300,150,1110,580,310,4870,2920,1460,1950,1460,970,300,2370,123.2,0.49,Feb-43,VW Santana 2.0,24300,219,37,30,300,630,103.8,230,60.8,01-Mar,01-Jul,21-Aug,2900,04-Aug,21,2300,40,90,3000,05-Sep,22,2300,40,15,3500,10-Apr,23,2700,40,10,1900,06-Jun,19,1500,40,10,3200,06-Sep,22,2500,40,10,4800,13-Mar,24,3700,40,15,12300,12-Apr,29,8700,40,15,7000,10-Jul,26,5200,40,15,5800,08-Apr,25,4300,40,15,5300,13-Jun,25,4000,40,15,3300,11-Jun,23,2600,40,15,1600,06-May,18,1300,42,10,1 CNY,0.20222,0.12171,CNY
Singapore,SIN,Singapore,Asia,East Asia,Industrialized,"1,233","103,917",Singapore,Singapore,2695000,98.1,122.2,32.8,35.4,1988.0,18-May,33.4,36.1,22,31,14,1615,98.1,442,90.9,690,340,160,1090,690,420,7610,5560,2930,3510,2340,1320,1460,1620,84.0,0.88,Mar-51,Proton Perdona 2.0,65500,1338,176,32,280,520,85.8,290,77.9,05-Feb,06-May,20-Mar,20000,32.9,21,15800,50,21,14000,27-May,20,11200,42,18,11200,33.2,20,9000,42,18,6400,22-Jul,20,5100,42,18,20000,43.3,21,15800,42,18,13400,37.0,20,10700,42,18,37100,37.4,24,28200,42,21,31200,48.0,22,24300,42,18,15900,23-Jan,20,12700,42,18,16400,41.8,21,12900,42,21,11500,40.2,20,9200,42,18,8700,34.8,20,6900,42,18,1 SGD,0.97297,0.5856,SGD
Stockholm,STO,Sweden,Europe,Western Europe,Industrialized,"59,333",18-May,Stockholm,Sweden,1435000,99.3,96.5,65.3,59.7,1860.0,27-Aug,65.7,60.1,19,18,23,1634,99.3,370,76.2,800,510,240,1320,730,340,1480,940,650,860,600,470,570,2230,115.6,Jan-82,Oct-25,Saab 9.3 S,20600,159,177,37,290,570,94.5,420,110.6,08-Aug,13.0,32.3,26000,42.7,31,17900,40,54,24000,47.2,30,16800,39,25,23600,70.0,32,16100,40,26,25900,91.4,34,17100,40,26,28600,61.9,34,18800,40,26,24400,67.4,33,16300,40,26,52300,52.7,44,29300,40,26,41600,64.2,40,25000,40,26,26600,38.5,32,18100,39,26,22900,58.6,32,15600,40,26,21200,74.1,31,14600,40,26,19700,79.3,31,13600,40,26,1 SEK,0.18923,0.11389,SEK
Sydney,SYD,Australia,Oceania,Oceania,Industrialized,-34.0,151.0,Sydney,Australia,3431000,70.9,79.1,51.0,53.2,1749.0,21-Apr,72.0,75.0,13,13,7,1166,70.9,283,58.4,740,360,150,1460,660,380,3460,2260,1310,1670,1010,600,830,2100,108.9,Jan-49,Apr-86,Toyota Camry,14900,208,119,27,250,420,69.7,290,77.3,07-Aug,10-Feb,22-Apr,27300,44.9,29,19400,38,48,18000,35.4,23,13900,38,20,17000,50.6,22,13300,38,20,17500,62.0,23,13500,38,20,18600,40.3,23,14300,38,20,17600,48.7,23,13600,38,20,38600,38.9,35,25100,38,20,32600,50.3,33,21900,38,20,19800,28-Jun,24,15000,38,20,21000,53.6,25,15700,38,20,14600,51.1,19,11800,38,20,12600,50.7,19,10200,38,20,1 AUD,0.98975,0.59571,AUD
Taipei,TPE,Taiwan,Asia,East Asia,Industrialized,25-May,121.5,Taipei,Taiwan,6513000,91.1,99.2,41.1,47.0,2176.0,11-Sep,45.2,51.6,20,22,12,1499,91.1,487,100.2,810,510,200,1620,1000,480,3780,2270,1380,2200,1440,930,960,2010,104.4,0.82,Apr-91,Toyota Corona 1.6,19700,426,49,34,210,410,68.4,300,80.1,06-Sep,08-Feb,15-Jul,19700,32.5,16,16600,44,38,22300,44.0,16,18800,52,10,20500,60.8,16,17300,46,10,17200,60.9,16,14500,48,10,19700,42.8,16,16700,44,10,20700,57.3,16,17500,46,10,34200,34.5,24,26200,44,12,25400,39.1,16,21400,44,10,22400,32.4,16,18900,44,12,17400,44.5,16,14700,44,10,14000,49.0,16,11800,46,10,14100,56.5,16,11900,44,10,1 TWD,0.05443,0.03276,TWD
Tel Aviv,TLV,Israel,Asia,Middle East,Developing,"32,083","34,767",Tel Aviv,Israel,1555000,80.8,82.3,43.9,45.6,1991.0,16-Jun,54.3,56.4,42,16,13,1331,80.8,340,70.0,400,250,110,680,470,270,1490,860,670,920,640,500,720,2830,146.8,Jan-16,Jul-76,Mazda 323 1.8,26300,253,76,26,220,390,63.8,340,89.3,06-Jul,08-Aug,20-Jul,14100,23-Feb,12,12400,40,55,22400,44.1,28,16100,40,16,20500,60.9,27,15000,45,14,15200,53.7,23,11700,42,12,27400,59.4,30,19200,45,22,30300,83.9,32,20600,40,22,56600,57.0,36,36200,45,28,31800,49.1,33,21300,45,16,19900,28-Aug,27,14500,39,22,16300,41.7,22,12700,48,12,10400,36.3,11,9200,36,12,9500,38.4,10,8600,41,12,1 ILS,0.40904,0.24619,ILS
Tokyo,TYO,Japan,Asia,East Asia,Industrialized,"35,667",139.75,Tokyo,Japan,26952000,140.1,150.6,109.4,120.8,1864.0,20-May,78.1,86.2,9,14,15,2305,140.1,797,164.1,1810,760,290,1880,1050,640,5870,3530,2990,3060,2160,1080,1690,2460,127.7,Jan-79,14-Jan,Toyota Prius,20500,21,188,66,400,770,127.1,520,138.0,17-Aug,21-Aug,19-Feb,47900,78.8,13,41700,43,20,46800,92.2,13,40700,43,20,37900,112.5,22,29600,41,20,34300,121.3,20,27400,43,20,55100,119.4,14,47400,40,20,46300,128.0,24,35200,44,20,86100,86.7,17,71400,40,20,58700,90.5,14,50500,41,20,75800,109.8,16,63700,40,20,38300,97.9,22,29900,38,20,32800,114.7,20,26200,40,20,33100,133.2,20,26500,39,20,1 JPY,0.01562,0.0094,JPY
Toronto,YTO,Canada,Americas,North Am.,Industrialized,"43,653","-79,383",Toronto,Canada,3108000,74.9,77.6,64.0,61.0,1967.0,11-Jul,85.5,81.5,13,10,11,1233,74.9,299,61.6,650,310,130,1300,850,520,2380,1700,1020,1330,820,540,680,1830,95.1,Jan-36,May-45,Ford Taurus,20200,61,58,30,200,390,64.8,290,77.2,9.0,12-Aug,28-Aug,34700,57.1,33,23200,43,30,26600,52.4,29,18900,40,18,29900,88.6,33,20000,40,10,21500,76.1,27,15700,45,5,36800,79.8,33,24700,43,15,29400,81.4,33,19700,40,10,48700,49.1,38,30200,43,15,37300,57.5,33,25000,40,18,25800,37.4,28,18600,39,18,22100,56.5,28,15900,39,13,16500,57.8,24,12600,39,10,19300,77.6,26,14300,40,10,1 CAD,"113,185",0.68123,CAD
Vienna,VIE,Austria,Europe,Western Europe,Industrialized,"48,233","16,333",Vienna,Austria,2313000,80.7,82.0,63.7,61.0,1699.0,27-Apr,79.0,75.6,16,13,11,1328,80.7,334,68.7,770,390,190,1030,630,380,2020,1640,1330,1020,820,680,580,1800,93.5,01-Mar,Sep-29,VW Golf TDI,16400,292,171,21,270,520,85.9,290,76.7,9.0,12-Jul,28-Mar,24500,40.3,27,17900,44,73,24800,48.8,30,17400,38,25,20400,60.4,28,14700,38,25,17300,61.1,26,12800,38,25,28900,62.6,33,19300,38,25,27300,75.5,34,18000,38,25,58100,58.5,41,34300,38,25,47500,73.2,39,29000,38,25,35100,50.8,37,22100,38,25,23500,60.0,31,16200,38,25,16700,58.4,25,12500,38,25,14900,60.0,24,11400,38,25,1 ATS,0.11352,0.06833,ATS
Warsaw,WAW,Poland,Europe,Eastern Europe,Transition,52.25,21.0,Warsaw,Poland,1649000,47.8,51.0,11.0,09-Feb,1870.0,27-Jan,23-Jan,19-Mar,54,21,23,787,47.8,155,32.0,440,200,90,570,360,190,1870,1330,790,1080,1060,530,460,1370,71.3,0.55,Mar-71,Opel Astra 1.8,16200,0,18,19,340,490,81.4,170,45.0,01-Apr,02-Feb,38.2,3700,06-Jan,38,2300,26,48,4400,08-Jul,38,2700,48,26,4300,12-Jul,38,2700,40,26,3700,13.0,38,2300,46,26,5100,11-Jan,38,3200,42,26,5900,16-Feb,38,3600,51,26,9900,10.0,49,5000,42,26,8400,13.0,49,4300,42,26,6500,09-Apr,38,4000,41,26,4400,11-Mar,38,2700,42,26,3000,10-Mar,38,1800,40,26,2700,10-Aug,38,1700,41,26,1 PLN,0.37975,0.22856,PLN
Zurich,ZRH,Switzerland,Europe,Western Europe,Industrialized,"47,367","8,517",Zurich,Switzerland,835000,100.0,100.0,100.0,100.0,1868.0,24-Jul,100.0,100.0,15,10,7,1646,100.0,486,100.0,660,420,270,1180,780,540,2290,1750,1140,1630,1140,840,770,1930,100.0,Feb-17,13.24,VW Golf 2.0,17300,197,150,31,310,600,100.0,380,100.0,14-Jul,20.0,26-Jan,60800,100.0,27,44500,46,65,50800,100.0,26,37700,42,26,33700,100.0,27,24800,42,20,28300,100.0,26,21000,40,20,46100,100.0,25,34500,40,25,36100,100.0,27,26500,41,25,99300,100.0,31,68100,40,30,64800,100.0,27,47200,40,25,69100,100.0,28,49900,41,23,39100,100.0,27,28500,41,23,28600,100.0,26,21200,41,25,24900,100.0,26,18500,41,20,1 CHF,1.0,0.60187,CHF
